Player,Squad,League,Age,Elite_Roles,Roles,Average_Role_Score,Best_Role_Score
Adam Sørensen,Odense,Danish Superliga,24.0,2,Aggressive Defender | Two-Way Defender,83.86056838365897,84.87655417406751
Alberto costa,Porto,Portuguese Primeira Liga,21.0,2,Aggressive Defender | Two-Way Defender,76.54351687388987,77.23090586145648
Albian Hajdari,Hoffenheim,German Bundesliga,22.0,2,Aggressive Defender | Two-Way Defender,76.03818827708704,78.13232682060392
Alonzo Engwanda,Utrecht,Eredivisie,22.0,1,Defensive Midfielder,70.45520581113801,70.45520581113801
André Inácio,Rio Ave,Portuguese Primeira Liga,23.0,1,Creative Forward,78.89673913043477,78.89673913043477
Aral Şimşir,Midtjylland,Danish Superliga,23.0,1,Creative Forward,79.38315217391306,79.38315217391306
Asker Beck,Viborg,Danish Superliga,22.0,1,Creative Midfielder,73.91162227602906,73.91162227602906
Basar Onal,NEC Nijmegen,Eredivisie,21.0,1,Creative Midfielder,73.08595641646491,73.08595641646491
Boris Matić,RZ Pellets WAC,Austrian Bundesliga,20.0,2,Aggressive Defender | Two-Way Defender,80.80461811722913,81.98756660746004
Can Uzun,Frankfurt,German Bundesliga,19.0,1,Creative Midfielder,74.63438256658597,74.63438256658597
Christian Kofane,Leverkusen,German Bundesliga,19.0,1,Creative Forward,80.16847826086956,80.16847826086956
Christoph Baumgartner,RB Leipzig,German Bundesliga,25.0,2,Creative Midfielder | Two-Way Midfielder,77.39134382566587,80.63014527845037
Christos Tzolis,Club Brugge,Belgian Pro League,23.0,3,Creative Forward | Goal Threat Forward | High-Intensity Forward,85.10507246376812,90.08967391304348
Darío Osorio,Midtjylland,Danish Superliga,21.0,2,Creative Midfielder | Two-Way Midfielder,82.95278450363196,85.40920096852301
David Sousa,Casa Pia,Portuguese Primeira Liga,24.0,1,Aggressive Defender,75.52930728241563,75.52930728241563
Edgaras Utkus,Cercle Brugge,Belgian Pro League,25.0,1,Aggressive Defender,75.77353463587922,75.77353463587922
Elias Bakatukanda,Blau-Weiß Linz,Austrian Bundesliga,21.0,1,Aggressive Defender,78.58081705150977,78.58081705150977
Emmanuel Kakou,Cercle Brugge,Belgian Pro League,20.0,2,Aggressive Defender | Two-Way Defender,82.45115452930729,84.01865008880995
Emran Soglo,Zulte Waregem,Belgian Pro League,20.0,3,Creative Midfielder | Defensive Midfielder | Two-Way Midfielder,74.7776432606941,76.7772397094431
Esmir Bajraktarevic,PSV,Eredivisie,20.0,2,Creative Forward | High-Intensity Forward,78.04347826086956,81.68478260869566
Espen van Ee,Arouca,Portuguese Primeira Liga,22.0,1,Defensive Midfielder,72.13559322033899,72.13559322033899
Etienne Camara,Charleroi,Belgian Pro League,22.0,1,Defensive Midfielder,74.40677966101696,74.40677966101696
Fares Chaïbi,Frankfurt,German Bundesliga,22.0,1,Creative Midfielder,74.98184019370461,74.98184019370461
Felix Winther,FC Fredericia,Danish Superliga,25.0,1,Defensive Midfielder,77.64164648910412,77.64164648910412
Flávio Nazinho,Cercle Brugge,Belgian Pro League,22.0,2,Aggressive Defender | Two-Way Defender,87.36678507992895,87.95737122557725
Franculino Djú,Midtjylland,Danish Superliga,21.0,3,Creative Forward | Goal Threat Forward | High-Intensity Forward,78.58152173913042,82.85597826086955
Fredrik Hammer,Mechelen,Belgian Pro League,24.0,1,Defensive Midfielder,73.21307506053267,73.21307506053267
Gabriel Pereira,FC Copenhagen,Danish Superliga,25.0,2,Aggressive Defender | Two-Way Defender,73.89253996447601,76.44671403197157
Gabriel Veiga,Porto,Portuguese Primeira Liga,23.0,3,Creative Midfielder | Defensive Midfielder | Two-Way Midfielder,80.65052461662631,86.89830508474577
Gary Magnée,Cercle Brugge,Belgian Pro League,25.0,2,Aggressive Defender | Two-Way Defender,91.05239786856129,91.10568383658968
Gibson Yah,Volendam,Eredivisie,21.0,2,Defensive Midfielder | Two-Way Midfielder,74.6640435835351,82.3002421307506
Gjivai Zechiël,Utrecht,Eredivisie,21.0,2,Creative Midfielder | Two-Way Midfielder,72.71549636803874,75.68523002421307
Hugo Vetlesen,Club Brugge,Belgian Pro League,25.0,2,Creative Forward | High-Intensity Forward,75.83695652173913,80.39130434782608
Hyllarion Goore,Gent,Belgian Pro League,19.0,1,Creative Forward,77.00407608695653,77.00407608695653
Ibrahima Diaby,Cercle Brugge,Belgian Pro League,18.0,2,Aggressive Defender | Two-Way Defender,91.79129662522202,92.74511545293072
Igor Matanović,Freiburg,German Bundesliga,22.0,2,Goal Threat Forward | High-Intensity Forward,73.03804347826087,76.32608695652173
Ilay Camara,Anderlecht,Belgian Pro League,22.0,1,Two-Way Defender,71.78596802841918,71.78596802841918
Ismael Saibari,PSV,Eredivisie,24.0,3,Creative Forward | Goal Threat Forward | High-Intensity Forward,89.47735507246377,91.80434782608695
Jakob Jessen,FC Fredericia,Danish Superliga,21.0,2,Aggressive Defender | Two-Way Defender,89.29840142095915,91.00355239786856
Jakub Kiwior,Porto,Portuguese Primeira Liga,25.0,1,Aggressive Defender,75.56305506216697,75.56305506216697
Jordi Liongola,La Louvière,Belgian Pro League,25.0,1,Two-Way Defender,73.58170515097692,73.58170515097692
Jordy Bos,Feyenoord,Eredivisie,22.0,1,Two-Way Defender,79.83037300177621,79.83037300177621
Jorthy Mokio,Ajax,Eredivisie,17.0,2,Aggressive Defender | Two-Way Defender,86.6278863232682,86.80905861456483
Justin Janssen,Nordsjælland,Danish Superliga,19.0,3,Creative Midfielder | Defensive Midfielder | Two-Way Midfielder,78.13155770782889,83.5593220338983
Kamiel Van De Perre,Union SG,Belgian Pro League,21.0,1,Defensive Midfielder,81.4503631961259,81.4503631961259
Karim Adeyemi,Dortmund,German Bundesliga,23.0,2,Creative Forward | High-Intensity Forward,76.1086956521739,81.00271739130434
Kenneth Taylor,Ajax,Eredivisie,23.0,1,Creative Midfielder,74.17312348668283,74.17312348668283
Kerim Alajbegović,RB Salzburg,Austrian Bundesliga,17.0,2,Goal Threat Forward | High-Intensity Forward,76.93953804347825,78.55978260869564
Kevin Rodríguez,Union SG,Belgian Pro League,25.0,1,Goal Threat Forward,75.3641304347826,75.3641304347826
Kingstone Mutandwa,Ried,Austrian Bundesliga,22.0,1,Goal Threat Forward,78.03804347826087,78.03804347826087
Kodai Sano,NEC Nijmegen,Eredivisie,21.0,1,Two-Way Midfielder,68.26271186440678,68.26271186440678
Kouakou Gadou,RB Salzburg,Austrian Bundesliga,18.0,1,Aggressive Defender,77.72912966252218,77.72912966252218
Kyriani Sabbe,Club Brugge,Belgian Pro League,20.0,1,Two-Way Defender,78.71580817051509,78.71580817051509
Lawrence Agyekum,Cercle Brugge,Belgian Pro League,21.0,1,Defensive Midfielder,71.0314769975787,71.0314769975787
Leandro Barreiro Martins,Benfica,Portuguese Primeira Liga,25.0,1,Creative Midfielder,73.27300242130752,73.27300242130752
Lee Kanghee,Austria Wien,Austrian Bundesliga,23.0,1,Aggressive Defender,79.57992895204261,79.57992895204261
Lennart Karl,Bayern Munich,German Bundesliga,17.0,2,Creative Midfielder | Two-Way Midfielder,77.62167070217919,82.05932203389831
Lucas Oliveira Rosa,Ajax,Eredivisie,25.0,1,Aggressive Defender,82.05683836589697,82.05683836589697
Marcos López,FC Copenhagen,Danish Superliga,25.0,1,Two-Way Defender,73.9715808170515,73.9715808170515
Marcus McCoy,Odense,Danish Superliga,19.0,2,Aggressive Defender | Two-Way Defender,89.32859680284193,89.91296625222026
Mats Rots,Twente,Eredivisie,19.0,1,Two-Way Defender,76.67495559502665,76.67495559502665
Matthäus Taferner,WSG Tirol,Austrian Bundesliga,24.0,1,Defensive Midfielder,77.57627118644068,77.57627118644068
Mauricio Benítez,Antwerp,Belgian Pro League,21.0,2,Aggressive Defender | Two-Way Defender,81.20159857904085,84.41740674955595
Maurits Kjærgaard,RB Salzburg,Austrian Bundesliga,22.0,2,Creative Midfielder | Two-Way Midfielder,74.69491525423729,79.01452784503633
Maxi Araújo,Sporting CP,Portuguese Primeira Liga,25.0,1,Two-Way Defender,77.38898756660747,77.38898756660747
Maximilian Beier,Dortmund,German Bundesliga,22.0,2,Creative Forward | High-Intensity Forward,74.11413043478261,76.77173913043478
Melayro Bogarde,LASK,Austrian Bundesliga,23.0,2,Aggressive Defender | Two-Way Defender,82.16429840142096,84.11722912966253
Michael Olise,Bayern Munich,German Bundesliga,23.0,1,Creative Midfielder,77.45520581113803,77.45520581113803
Michał Skóraś,Gent,Belgian Pro League,25.0,2,Creative Midfielder | Two-Way Midfielder,72.80447941888619,75.66949152542372
Mika Godts,Ajax,Eredivisie,20.0,3,Creative Forward | Goal Threat Forward | High-Intensity Forward,83.7536231884058,87.99456521739131
Mimeirhel Benita,Heracles Almelo,Eredivisie,21.0,1,Aggressive Defender,78.5284191829485,78.5284191829485
Mohammed Ihattaren,Fortuna Sittard,Eredivisie,23.0,1,Creative Forward,79.96195652173914,79.96195652173914
Moses Usor,LASK,Austrian Bundesliga,23.0,3,Creative Forward | Goal Threat Forward | High-Intensity Forward,82.27083333333333,83.51358695652175
Nicolas Jackson,Bayern Munich,German Bundesliga,24.0,1,Goal Threat Forward,76.39402173913042,76.39402173913042
Nicolas Seiwald,RB Leipzig,German Bundesliga,24.0,1,Defensive Midfielder,70.59322033898306,70.59322033898306
Nicolo Tresoldi,Club Brugge,Belgian Pro League,20.0,3,Creative Forward | Goal Threat Forward | High-Intensity Forward,76.99365942028986,83.97826086956522
Nilson Angulo,Anderlecht,Belgian Pro League,22.0,2,Creative Midfielder | Two-Way Midfielder,77.5181598062954,79.58837772397095
Nnamdi Collins,Frankfurt,German Bundesliga,21.0,2,Aggressive Defender | Two-Way Defender,82.4271758436945,85.15008880994671
Noah Markmann,Nordsjælland,Danish Superliga,18.0,1,Aggressive Defender,82.78596802841918,82.78596802841918
Noah Mbamba,Dender,Belgian Pro League,20.0,1,Defensive Midfielder,73.95883777239709,73.95883777239709
Nolan Gillot,La Louvière,Belgian Pro League,22.0,2,Creative Midfielder | Two-Way Midfielder,75.7681598062954,79.32082324455206
Nordin Bukala,Volendam,Eredivisie,19.0,1,Defensive Midfielder,72.11380145278451,72.11380145278451
Noé Lebreton,NEC Nijmegen,Eredivisie,21.0,2,Creative Midfielder | Two-Way Midfielder,71.91949152542372,76.1271186440678
Oh Hyeon-gyu,Genk,Belgian Pro League,24.0,2,Creative Forward | Goal Threat Forward,80.57201086956522,81.3913043478261
Oliver Olsen,Randers,Danish Superliga,24.0,2,Aggressive Defender | Two-Way Defender,82.32948490230906,86.07815275310836
Oliver Rose-Villadsen,Brøndby,Danish Superliga,23.0,2,Aggressive Defender | Two-Way Defender,74.54529307282417,77.15719360568383
Olivier Aertssen,Zwolle,Eredivisie,20.0,2,Aggressive Defender | Two-Way Defender,77.0266429840142,80.4804618117229
Olti Hyseni,SønderjyskE,Danish Superliga,18.0,1,High-Intensity Forward,70.72010869565217,70.72010869565217
Oscar Gloukh,Ajax,Eredivisie,21.0,1,Creative Forward,78.61413043478261,78.61413043478261
Otávio,Estrela,Portuguese Primeira Liga,19.0,2,Aggressive Defender | Two-Way Defender,81.5595026642984,87.08969804618117
Oussama Targhalline,Feyenoord,Eredivisie,23.0,3,Creative Midfielder | Defensive Midfielder | Two-Way Midfielder,78.72598870056497,86.69007263922518
Patrick Wimmer,Wolfsburg,German Bundesliga,24.0,1,Two-Way Midfielder,69.39467312348668,69.39467312348668
Petar Ratkov,RB Salzburg,Austrian Bundesliga,21.0,1,Goal Threat Forward,78.59239130434783,78.59239130434783
Philip Brittijn,Fortuna Sittard,Eredivisie,21.0,1,Defensive Midfielder,71.92251815980629,71.92251815980629
Quinten Timber,Feyenoord,Eredivisie,24.0,2,Creative Midfielder | Two-Way Midfielder,76.3093220338983,79.44673123486683
Rasmus Carstensen,AGF,Danish Superliga,24.0,1,Defensive Midfielder,77.77966101694916,77.77966101694916
Raul Florucz,Union SG,Belgian Pro League,24.0,3,Creative Forward | Goal Threat Forward | High-Intensity Forward,82.57427536231884,85.25271739130436
Ricardo Pepi,PSV,Eredivisie,22.0,1,Goal Threat Forward,75.64945652173911,75.64945652173911
Rihito Yamamoto,Sint-Truiden,Belgian Pro League,23.0,2,Defensive Midfielder | Two-Way Midfielder,71.28813559322033,71.71670702179176
Rocco Reitz,Gladbach,German Bundesliga,23.0,1,Defensive Midfielder,74.51331719128329,74.51331719128329
Rodrigo Zalazar,Braga,Portuguese Primeira Liga,25.0,3,Creative Forward | Goal Threat Forward | High-Intensity Forward,81.04438405797102,85.42663043478261
Romeo Amane,Rapid Wien,Austrian Bundesliga,22.0,1,Defensive Midfielder,71.60290556900728,71.60290556900728
Romeo Vermant,Club Brugge,Belgian Pro League,21.0,1,Goal Threat Forward,75.99999999999999,75.99999999999999
Sabil Hansen,Randers,Danish Superliga,19.0,2,Aggressive Defender | Two-Way Defender,83.52575488454707,88.74333925399645
Said El Mala,Köln,German Bundesliga,18.0,3,Creative Forward | Goal Threat Forward | High-Intensity Forward,78.87318840579711,84.05978260869566
Sota Kitano,RB Salzburg,Austrian Bundesliga,20.0,1,High-Intensity Forward,73.42391304347825,73.42391304347825
Souffian El Karouani,Utrecht,Eredivisie,24.0,1,Two-Way Defender,71.69182948490231,71.69182948490231
Stije Resink,Groningen,Eredivisie,22.0,3,Creative Midfielder | Defensive Midfielder | Two-Way Midfielder,76.68401937046006,80.20217917675546
Sven Mijnans,AZ Alkmaar,Eredivisie,25.0,1,Creative Midfielder,73.4818401937046,73.4818401937046
Thomas Jørgensen,Viborg,Danish Superliga,19.0,3,Creative Midfielder | Defensive Midfielder | Two-Way Midfielder,83.20702179176754,84.18038740920096
Tiago Tomás,Stuttgart,German Bundesliga,23.0,3,Creative Forward | Goal Threat Forward | High-Intensity Forward,80.75724637681158,83.26902173913042
Tom Krauß,Köln,German Bundesliga,24.0,2,Aggressive Defender | Two-Way Defender,77.0044404973357,80.29840142095914
Tom Rothe,Union Berlin,German Bundesliga,20.0,2,Aggressive Defender | Two-Way Defender,75.65275310834814,78.09946714031972
Troy Parrott,AZ Alkmaar,Eredivisie,23.0,1,Goal Threat Forward,80.76358695652172,80.76358695652172
Tyrese Noslin,Telstar,Eredivisie,22.0,2,Defensive Midfielder | Two-Way Midfielder,73.12832929782083,77.58837772397095
Valdemar Andreasen,Midtjylland,Danish Superliga,20.0,1,Creative Midfielder,76.38619854721551,76.38619854721551
Wilguens Paugain,Zulte Waregem,Belgian Pro League,23.0,2,Aggressive Defender | Two-Way Defender,79.57371225577265,85.33303730017761
William Clem,FC Copenhagen,Danish Superliga,21.0,2,Defensive Midfielder | Two-Way Midfielder,77.93825665859563,80.51331719128329
William Gomes,Porto,Portuguese Primeira Liga,19.0,2,Goal Threat Forward | High-Intensity Forward,74.60733695652175,77.42663043478261
Yan Diomandé,RB Leipzig,German Bundesliga,18.0,2,Creative Forward | High-Intensity Forward,74.46059782608695,77.50543478260869
Yannick Leliendal,Volendam,Eredivisie,23.0,2,Aggressive Defender | Two-Way Defender,74.33303730017764,77.60834813499113
Yaya Bojang,Odense,Danish Superliga,20.0,2,Aggressive Defender | Two-Way Defender,83.70071047957371,89.22380106571936
Youssoufa Moukoko,FC Copenhagen,Danish Superliga,20.0,2,Goal Threat Forward | High-Intensity Forward,77.97418478260869,83.22554347826086
Zé Vitor,Nacional,Portuguese Primeira Liga,24.0,1,Two-Way Defender,72.25577264653643,72.25577264653643
