Player,Replacement_For,Age,Min,Similarity,Quality,Succession_Score,Evidence_Confidence,Evidence_Band,Development_Profile,Development_Score,Recruitment_Risk,Decision_Score,Risk_Adjusted_Score,Decision_Tier,Validation_Flag_Count,Validation_Flags,Validation_Questions,Suggested_Action,Overall_Validation_Status,Validated_Complete_Record,Final_Recommendation_Eligible,Final_Decision_State,Final_Decision_Approved,Executive_Status
Kristian Arnstad,Anthony Gordon,21.0,2611,68.3,58.8,64.5,87.03333333333333,HIGH,DEVELOPMENT,90,LOW,74.1,74.1,PRIORITY TARGET,1,DECISION_UPLIFT,Confirm role and tactical responsibilities translate to Newcastle's intended use. || Validate similarity through video rather than relying on statistical profile alone. || Confirm strong statistical evidence remains stable across opponents and match states. || Assess development runway and likely adaptation timeline. || Validate why contextual decision factors materially raise the player above the raw succession score.,TACTICAL VALIDATION,PENDING VALIDATION,False,False,SCOUTING REQUIRED,False,AWAITING SCOUTING VALIDATION
Tobias Bech,Anthony Gordon,23.0,2668,59.7,66.5,62.4,88.93333333333334,HIGH,PRIME ENTRY,70,LOW,69.2,69.2,STRONG SHORTLIST,0,NONE,Confirm role and tactical responsibilities translate to Newcastle's intended use. || Validate similarity through video rather than relying on statistical profile alone. || Confirm strong statistical evidence remains stable across opponents and match states. || Confirm current performance level is immediately transferable.,PROGRESS TO SCOUTING,PENDING VALIDATION,False,False,SCOUTING REQUIRED,False,AWAITING SCOUTING VALIDATION
Thomas Jørgensen,Bruno Guimaraes,19.0,2579,49.1,83.1,62.7,85.96666666666667,HIGH,HIGH UPSIDE,100,LOW,74.8,74.8,PRIORITY TARGET,3,DEVELOPMENT_PROJECTION | YOUNG_PROJECTION | DECISION_UPLIFT,Confirm role and tactical responsibilities translate to Newcastle's intended use. || Validate similarity through video rather than relying on statistical profile alone. || Confirm strong statistical evidence remains stable across opponents and match states. || Validate projected upside against current technical and tactical limitations. || Separate current first-team ability from long-term development projection. || Validate why contextual decision factors materially raise the player above the raw succession score.,LIVE / VIDEO SCOUTING,PENDING VALIDATION,False,False,SCOUTING REQUIRED,False,AWAITING SCOUTING VALIDATION
Rihito Yamamoto,Bruno Guimaraes,23.0,3281,59.0,71.3,63.9,100.0,HIGH,PRIME ENTRY,70,LOW,72.3,72.3,PRIORITY TARGET,1,DECISION_UPLIFT,Confirm role and tactical responsibilities translate to Newcastle's intended use. || Validate similarity through video rather than relying on statistical profile alone. || Confirm strong statistical evidence remains stable across opponents and match states. || Confirm current performance level is immediately transferable. || Validate why contextual decision factors materially raise the player above the raw succession score.,TACTICAL VALIDATION,PENDING VALIDATION,False,False,SCOUTING REQUIRED,False,AWAITING SCOUTING VALIDATION
Darío Osorio,Bruno Guimaraes,21.0,1922,58.6,80.1,67.2,64.06666666666668,GOOD,DEVELOPMENT,90,MEDIUM,71.1,68.1,STRONG SHORTLIST,2,EVIDENCE_REVIEW | RECRUITMENT_RISK,Confirm role and tactical responsibilities translate to Newcastle's intended use. || Validate similarity through video rather than relying on statistical profile alone. || Review whether the evidence sample is sufficiently robust for recruitment progression. || Assess development runway and likely adaptation timeline. || Investigate the factors creating moderate recruitment uncertainty.,VIDEO VALIDATION,PENDING VALIDATION,False,False,SCOUTING REQUIRED,False,AWAITING SCOUTING VALIDATION
Victor Froholdt,Sandro Tonali,19.0,2872,62.1,60.4,61.4,95.73333333333332,HIGH,HIGH UPSIDE,100,LOW,76.0,76.0,PRIORITY TARGET,3,DEVELOPMENT_PROJECTION | YOUNG_PROJECTION | DECISION_UPLIFT,Confirm role and tactical responsibilities translate to Newcastle's intended use. || Validate similarity through video rather than relying on statistical profile alone. || Confirm strong statistical evidence remains stable across opponents and match states. || Validate projected upside against current technical and tactical limitations. || Separate current first-team ability from long-term development projection. || Validate why contextual decision factors materially raise the player above the raw succession score.,LIVE / VIDEO SCOUTING,PENDING VALIDATION,False,False,SCOUTING REQUIRED,False,AWAITING SCOUTING VALIDATION
Kodai Sano,Sandro Tonali,21.0,3060,54.9,69.9,60.9,100.0,HIGH,DEVELOPMENT,90,LOW,74.5,74.5,PRIORITY TARGET,1,DECISION_UPLIFT,Confirm role and tactical responsibilities translate to Newcastle's intended use. || Validate similarity through video rather than relying on statistical profile alone. || Confirm strong statistical evidence remains stable across opponents and match states. || Assess development runway and likely adaptation timeline. || Validate why contextual decision factors materially raise the player above the raw succession score.,TACTICAL VALIDATION,PENDING VALIDATION,False,False,SCOUTING REQUIRED,False,AWAITING SCOUTING VALIDATION
Irakli Yegoian,Sandro Tonali,21.0,2672,65.6,54.7,61.3,89.06666666666668,HIGH,DEVELOPMENT,90,LOW,72.6,72.6,PRIORITY TARGET,1,DECISION_UPLIFT,Confirm role and tactical responsibilities translate to Newcastle's intended use. || Validate similarity through video rather than relying on statistical profile alone. || Confirm strong statistical evidence remains stable across opponents and match states. || Assess development runway and likely adaptation timeline. || Validate why contextual decision factors materially raise the player above the raw succession score.,TACTICAL VALIDATION,PENDING VALIDATION,False,False,SCOUTING REQUIRED,False,AWAITING SCOUTING VALIDATION
Max Ejdum,Sandro Tonali,20.0,2046,58.1,65.4,61.0,68.2,GOOD,HIGH UPSIDE,100,MEDIUM,70.2,67.2,STRONG SHORTLIST,4,EVIDENCE_REVIEW | DEVELOPMENT_PROJECTION | RECRUITMENT_RISK | YOUNG_PROJECTION,Confirm role and tactical responsibilities translate to Newcastle's intended use. || Validate similarity through video rather than relying on statistical profile alone. || Review whether the evidence sample is sufficiently robust for recruitment progression. || Validate projected upside against current technical and tactical limitations. || Investigate the factors creating moderate recruitment uncertainty. || Separate current first-team ability from long-term development projection.,LIVE / VIDEO SCOUTING,PENDING VALIDATION,False,False,SCOUTING REQUIRED,False,AWAITING SCOUTING VALIDATION
